observation_date,NFCICREDIT
1991-09-01,0.39111
1991-10-01,0.33185
1991-11-01,0.27816
1991-12-01,0.25491
1992-01-01,0.16729
1992-02-01,0.03226
1992-03-01,-0.04228
1992-04-01,-0.07868
1992-05-01,-0.12312
1992-06-01,-0.16343
1992-07-01,-0.17049
1992-08-01,-0.13913
1992-09-01,-0.08918
1992-10-01,-0.08728
1992-11-01,-0.12893
1992-12-01,-0.15002
1993-01-01,-0.16044
1993-02-01,-0.17029
1993-03-01,-0.19271
1993-04-01,-0.24798
1993-05-01,-0.30939
1993-06-01,-0.35184
1993-07-01,-0.37702
1993-08-01,-0.34263
1993-09-01,-0.29416
1993-10-01,-0.29885
1993-11-01,-0.35665
1993-12-01,-0.43501
1994-01-01,-0.52715
1994-02-01,-0.57484
1994-03-01,-0.56014
1994-04-01,-0.49108
1994-05-01,-0.40489
1994-06-01,-0.35716
1994-07-01,-0.35061
1994-08-01,-0.36678
1994-09-01,-0.38000
1994-10-01,-0.36868
1994-11-01,-0.30985
1994-12-01,-0.21376
1995-01-01,-0.16899
1995-02-01,-0.17598
1995-03-01,-0.19255
1995-04-01,-0.19887
1995-05-01,-0.21371
1995-06-01,-0.23458
1995-07-01,-0.25291
1995-08-01,-0.24328
1995-09-01,-0.21625
1995-10-01,-0.20660
1995-11-01,-0.18746
1995-12-01,-0.16739
1996-01-01,-0.19555
1996-02-01,-0.25479
1996-03-01,-0.29779
1996-04-01,-0.29399
1996-05-01,-0.28863
1996-06-01,-0.30510
1996-07-01,-0.32642
1996-08-01,-0.34774
1996-09-01,-0.34833
1996-10-01,-0.32391
1996-11-01,-0.31309
1996-12-01,-0.30435
1997-01-01,-0.26028
1997-02-01,-0.23122
1997-03-01,-0.21582
1997-04-01,-0.20960
1997-05-01,-0.21954
1997-06-01,-0.20775
1997-07-01,-0.20756
1997-08-01,-0.23833
1997-09-01,-0.25541
1997-10-01,-0.23832
1997-11-01,-0.16889
1997-12-01,-0.11845
1998-01-01,-0.18752
1998-02-01,-0.25482
1998-03-01,-0.23633
1998-04-01,-0.22445
1998-05-01,-0.19231
1998-06-01,-0.11082
1998-07-01,-0.07252
1998-08-01,-0.03180
1998-09-01,0.06977
1998-10-01,0.17542
1998-11-01,0.22031
1998-12-01,0.17365
1999-01-01,0.03625
1999-02-01,-0.05939
1999-03-01,-0.08599
1999-04-01,-0.09534
1999-05-01,-0.09187
1999-06-01,-0.06953
1999-07-01,-0.05255
1999-08-01,-0.03651
1999-09-01,-0.02100
1999-10-01,-0.01422
1999-11-01,0.02981
1999-12-01,0.09120
2000-01-01,0.04162
2000-02-01,0.00392
2000-03-01,0.04400
2000-04-01,0.09644
2000-05-01,0.13194
2000-06-01,0.16947
2000-07-01,0.18643
2000-08-01,0.18286
2000-09-01,0.17541
2000-10-01,0.21649
2000-11-01,0.37504
2000-12-01,0.59118
2001-01-01,0.56098
2001-02-01,0.45806
2001-03-01,0.39556
2001-04-01,0.31448
2001-05-01,0.23766
2001-06-01,0.22173
2001-07-01,0.21166
2001-08-01,0.20089
2001-09-01,0.28148
2001-10-01,0.33781
2001-11-01,0.34195
2001-12-01,0.33949
2002-01-01,0.24922
2002-02-01,0.16026
2002-03-01,0.11958
2002-04-01,0.04829
2002-05-01,-0.01645
2002-06-01,0.03827
2002-07-01,0.13516
2002-08-01,0.19425
2002-09-01,0.21187
2002-10-01,0.21244
2002-11-01,0.19328
2002-12-01,0.16330
2003-01-01,0.08411
2003-02-01,0.04156
2003-03-01,0.01475
2003-04-01,-0.03389
2003-05-01,-0.04634
2003-06-01,-0.05120
2003-07-01,-0.11677
2003-08-01,-0.16051
2003-09-01,-0.16785
2003-10-01,-0.20140
2003-11-01,-0.23024
2003-12-01,-0.24894
2004-01-01,-0.29767
2004-02-01,-0.31573
2004-03-01,-0.31346
2004-04-01,-0.33124
2004-05-01,-0.31107
2004-06-01,-0.28602
2004-07-01,-0.27804
2004-08-01,-0.25362
2004-09-01,-0.22849
2004-10-01,-0.23841
2004-11-01,-0.25671
2004-12-01,-0.25171
2005-01-01,-0.24349
2005-02-01,-0.24710
2005-03-01,-0.23345
2005-04-01,-0.17689
2005-05-01,-0.12413
2005-06-01,-0.12248
2005-07-01,-0.13208
2005-08-01,-0.12307
2005-09-01,-0.12728
2005-10-01,-0.15265
2005-11-01,-0.16169
2005-12-01,-0.15381
2006-01-01,-0.14940
2006-02-01,-0.15472
2006-03-01,-0.16588
2006-04-01,-0.17192
2006-05-01,-0.16743
2006-06-01,-0.16361
2006-07-01,-0.14000
2006-08-01,-0.11424
2006-09-01,-0.10125
2006-10-01,-0.08635
2006-11-01,-0.06900
2006-12-01,-0.08206
2007-01-01,-0.12876
2007-02-01,-0.14137
2007-03-01,-0.11648
2007-04-01,-0.10870
2007-05-01,-0.14141
2007-06-01,-0.18799
2007-07-01,-0.05350
2007-08-01,0.29346
2007-09-01,0.39772
2007-10-01,0.30277
2007-11-01,0.42754
2007-12-01,0.61572
2008-01-01,0.67247
2008-02-01,0.87033
2008-03-01,1.05298
2008-04-01,0.87976
2008-05-01,0.69420
2008-06-01,0.77733
2008-07-01,0.87055
2008-08-01,0.91338
2008-09-01,1.31673
2008-10-01,2.07722
2008-11-01,2.60215
2008-12-01,2.60470
2009-01-01,2.07788
2009-02-01,1.85754
2009-03-01,1.86510
2009-04-01,1.55281
2009-05-01,1.11056
2009-06-01,0.86604
2009-07-01,0.70147
2009-08-01,0.50626
2009-09-01,0.39260
2009-10-01,0.31860
2009-11-01,0.25226
2009-12-01,0.11232
2010-01-01,-0.00106
2010-02-01,0.02627
2010-03-01,-0.07539
2010-04-01,-0.14427
2010-05-01,0.04603
2010-06-01,0.14454
2010-07-01,0.06547
2010-08-01,0.02160
2010-09-01,-0.00799
2010-10-01,-0.13697
2010-11-01,-0.24707
2010-12-01,-0.31238
2011-01-01,-0.37726
2011-02-01,-0.38494
2011-03-01,-0.33689
2011-04-01,-0.34765
2011-05-01,-0.33658
2011-06-01,-0.29767
2011-07-01,-0.25333
2011-08-01,-0.03413
2011-09-01,0.13206
2011-10-01,0.10829
2011-11-01,0.09664
2011-12-01,0.09780
2012-01-01,-0.02775
2012-02-01,-0.12269
2012-03-01,-0.15698
2012-04-01,-0.13143
2012-05-01,-0.01720
2012-06-01,0.06427
2012-07-01,0.01342
2012-08-01,-0.05903
2012-09-01,-0.12678
2012-10-01,-0.14714
2012-11-01,-0.12021
2012-12-01,-0.16249
2013-01-01,-0.22354
2013-02-01,-0.24954
2013-03-01,-0.27644
2013-04-01,-0.33432
2013-05-01,-0.37925
2013-06-01,-0.33179
2013-07-01,-0.31710
2013-08-01,-0.32675
2013-09-01,-0.33384
2013-10-01,-0.36947
2013-11-01,-0.41840
2013-12-01,-0.44843
2014-01-01,-0.43109
2014-02-01,-0.41211
2014-03-01,-0.39871
2014-04-01,-0.37179
2014-05-01,-0.37001
2014-06-01,-0.38799
2014-07-01,-0.37465
2014-08-01,-0.34527
2014-09-01,-0.29251
2014-10-01,-0.24804
2014-11-01,-0.23997
2014-12-01,-0.17481
2015-01-01,-0.09174
2015-02-01,-0.07667
2015-03-01,-0.08803
2015-04-01,-0.09543
2015-05-01,-0.10497
2015-06-01,-0.09984
2015-07-01,-0.05613
2015-08-01,0.01937
2015-09-01,0.05937
2015-10-01,0.05270
2015-11-01,0.07548
2015-12-01,0.15204
2016-01-01,0.24174
2016-02-01,0.26496
2016-03-01,0.19171
2016-04-01,0.14959
2016-05-01,0.15864
2016-06-01,0.17387
2016-07-01,0.16490
2016-08-01,0.13147
2016-09-01,0.15541
2016-10-01,0.15286
2016-11-01,0.11125
2016-12-01,0.05218
2017-01-01,0.00067
2017-02-01,-0.02490
2017-03-01,-0.00967
2017-04-01,-0.01333
2017-05-01,-0.02260
2017-06-01,-0.04998
2017-07-01,-0.07918
2017-08-01,-0.07443
2017-09-01,-0.07692
2017-10-01,-0.10784
2017-11-01,-0.11016
2017-12-01,-0.10462
2018-01-01,-0.11988
2018-02-01,-0.09743
2018-03-01,-0.04872
2018-04-01,-0.04466
2018-05-01,-0.06745
2018-06-01,-0.07581
2018-07-01,-0.08102
2018-08-01,-0.09547
2018-09-01,-0.10509
2018-10-01,-0.09311
2018-11-01,-0.02202
2018-12-01,0.05892
2019-01-01,0.02567
2019-02-01,-0.04509
2019-03-01,-0.07267
2019-04-01,-0.07996
2019-05-01,-0.05776
2019-06-01,-0.03716
2019-07-01,-0.03392
2019-08-01,-0.00299
2019-09-01,0.01804
2019-10-01,-0.00335
2019-11-01,-0.03985
2019-12-01,-0.05349
2020-01-01,-0.10256
2020-02-01,0.01459
2020-03-01,0.50711
2020-04-01,0.75530
2020-05-01,0.49074
2020-06-01,0.19109
2020-07-01,0.08256
2020-08-01,-0.00964
2020-09-01,-0.02534
2020-10-01,-0.01930
2020-11-01,-0.05858
2020-12-01,-0.09644
2021-01-01,-0.12859
2021-02-01,-0.14551
2021-03-01,-0.15413
2021-04-01,-0.18365
2021-05-01,-0.19641
2021-06-01,-0.18235
2021-07-01,-0.16294
2021-08-01,-0.14450
2021-09-01,-0.14747
2021-10-01,-0.14308
2021-11-01,-0.11353
2021-12-01,-0.08815
2022-01-01,-0.07312
2022-02-01,-0.00562
2022-03-01,0.07280
2022-04-01,0.09621
2022-05-01,0.13054
2022-06-01,0.18522
2022-07-01,0.19804
2022-08-01,0.15909
2022-09-01,0.21030
2022-10-01,0.24624
2022-11-01,0.19403
2022-12-01,0.16776
2023-01-01,0.13417
2023-02-01,0.11450
2023-03-01,0.17354
2023-04-01,0.18738
2023-05-01,0.16127
2023-06-01,0.12659
2023-07-01,0.10640
2023-08-01,0.09197
2023-09-01,0.09129
2023-10-01,0.10983
2023-11-01,0.09159
2023-12-01,0.04677
2024-01-01,0.01117
2024-02-01,-0.01584
2024-03-01,-0.03731
2024-04-01,-0.03679
2024-05-01,-0.04675
2024-06-01,-0.04871
2024-07-01,-0.03685
2024-08-01,-0.02939
2024-09-01,-0.04336
2024-10-01,-0.06000
2024-11-01,-0.08618
2024-12-01,-0.10195
2025-01-01,-0.13425
2025-02-01,-0.13268
2025-03-01,-0.06485
2025-04-01,-0.00895
